"date","sales_qty"
2008-01-01,14
2008-01-02,2
2008-01-03,10
2008-01-04,9
2008-01-05,18
2008-01-06,14
2008-01-07,16
2008-01-08,9
2008-01-09,4
2008-01-10,7
2008-01-11,5
2008-01-12,8
2008-01-13,9
2008-01-14,8
2008-01-15,5
2008-01-16,8
2008-01-17,3
2008-01-18,10
2008-01-19,5
2008-01-20,2
2008-01-21,7
2008-01-22,8
2008-01-23,13
2008-01-24,18
2008-01-25,24
2008-01-26,26
2008-01-27,18
2008-01-28,11
2008-01-29,10
2008-01-30,7
2008-01-31,12
2008-02-01,14
2008-02-02,12
2008-02-03,15
2008-02-04,13
2008-02-05,9
2008-02-06,10
2008-02-07,6
2008-02-08,9
2008-02-09,12
2008-02-10,10
2008-02-11,2
2008-02-12,3
2008-02-13,4
2008-02-14,3
2008-02-15,2
2008-02-16,22
2008-02-17,9
2008-02-18,6
2008-02-19,13
2008-02-20,15
2008-02-21,14
2008-02-22,17
2008-02-23,27
2008-02-24,27
2008-02-25,17
2008-02-26,8
2008-02-27,8
2008-02-28,3
2008-02-29,15
2008-03-01,15
2008-03-02,16
2008-03-03,6
2008-03-04,13
2008-03-05,11
2008-03-06,10
2008-03-07,34
2008-03-08,15
2008-03-09,18
2008-03-10,9
2008-03-11,5
2008-03-12,10
2008-03-13,5
2008-03-14,11
2008-03-15,20
2008-03-16,13
2008-03-17,9
2008-03-18,12
2008-03-19,10
2008-03-20,16
2008-03-21,6
2008-03-22,22
2008-03-23,9
2008-03-24,1
2008-03-25,5
2008-03-26,7
2008-03-27,4
2008-03-28,1
2008-03-29,0
2008-03-30,3
2008-03-31,2
2008-04-01,6
2008-04-02,6
2008-04-03,3
2008-04-04,0
2008-04-05,6
2008-04-06,3
2008-04-07,0
2008-04-08,1
2008-04-09,8
2008-04-10,13
2008-04-11,26
2008-04-12,38
2008-04-13,41
2008-04-14,15
2008-04-15,19
2008-04-16,13
2008-04-17,17
2008-04-18,14
2008-04-19,18
2008-04-20,23
2008-04-21,10
2008-04-22,12
2008-04-23,12
2008-04-24,5
2008-04-25,8
2008-04-26,19
2008-04-27,26
2008-04-28,21
2008-04-29,16
2008-04-30,23
2008-05-01,39
2008-05-02,17
2008-05-03,21
2008-05-04,21
2008-05-05,14
2008-05-06,14
2008-05-07,14
2008-05-08,18
2008-05-09,16
2008-05-10,23
2008-05-11,17
2008-05-12,4
2008-05-13,14
2008-05-14,8
2008-05-15,9
2008-05-16,12
2008-05-17,19
2008-05-18,16
2008-05-19,11
2008-05-20,15
2008-05-21,18
2008-05-22,10
2008-05-23,10
2008-05-24,12
2008-05-25,10
2008-05-26,34
2008-05-27,42
2008-05-28,42
2008-05-29,39
2008-05-30,46
2008-05-31,74
2008-06-01,61
2008-06-02,24
2008-06-03,26
2008-06-04,16
2008-06-05,37
2008-06-06,34
2008-06-07,66
2008-06-08,57
2008-06-09,8
2008-06-10,10
2008-06-11,11
2008-06-12,10
2008-06-13,12
2008-06-14,14
2008-06-15,22
2008-06-16,9
2008-06-17,12
2008-06-18,9
2008-06-19,11
2008-06-20,11
2008-06-21,21
2008-06-22,16
2008-06-23,8
2008-06-24,9
2008-06-25,9
2008-06-26,8
2008-06-27,14
2008-06-28,15
2008-06-29,13
2008-06-30,14
2008-07-01,14
2008-07-02,9
2008-07-03,4
2008-07-04,16
2008-07-05,18
2008-07-06,17
2008-07-07,12
2008-07-08,27
2008-07-09,16
2008-07-10,13
2008-07-11,13
2008-07-12,18
2008-07-13,22
2008-07-14,9
2008-07-15,41
2008-07-16,11
2008-07-17,11
2008-07-18,12
2008-07-19,15
2008-07-20,19
2008-07-21,11
2008-07-22,15
2008-07-23,16
2008-07-24,16
2008-07-25,8
2008-07-26,15
2008-07-27,30
2008-07-28,5
2008-07-29,12
2008-07-30,13
2008-07-31,9
2008-08-01,3
2008-08-02,10
2008-08-03,12
2008-08-04,11
2008-08-05,10
2008-08-06,16
2008-08-07,13
2008-08-08,19
2008-08-09,32
2008-08-10,36
2008-08-11,12
2008-08-12,11
2008-08-13,16
2008-08-14,18
2008-08-15,23
2008-08-16,20
2008-08-17,21
2008-08-18,17
2008-08-19,19
2008-08-20,7
2008-08-21,25
2008-08-22,20
2008-08-23,18
2008-08-24,9
2008-08-25,15
2008-08-26,20
2008-08-27,17
2008-08-28,17
2008-08-29,19
2008-08-30,18
2008-08-31,24
2008-09-01,8
2008-09-02,10
2008-09-03,13
2008-09-04,4
2008-09-05,7
2008-09-06,20
2008-09-07,24
2008-09-08,9
2008-09-09,13
2008-09-10,15
2008-09-11,18
2008-09-12,13
2008-09-13,31
2008-09-14,26
2008-09-15,25
2008-09-16,22
2008-09-17,23
2008-09-18,25
2008-09-19,36
2008-09-20,43
2008-09-21,51
2008-09-22,19
2008-09-23,17
2008-09-24,12
2008-09-25,16
2008-09-26,21
2008-09-27,20
2008-09-28,24
2008-09-29,23
2008-09-30,11
2008-10-01,10
2008-10-02,10
2008-10-03,21
2008-10-04,14
2008-10-05,18
2008-10-06,12
2008-10-07,14
2008-10-08,19
2008-10-09,15
2008-10-10,12
2008-10-11,24
2008-10-12,20
2008-10-13,11
2008-10-14,15
2008-10-15,13
2008-10-16,6
2008-10-17,21
2008-10-18,27
2008-10-19,28
2008-10-20,15
2008-10-21,10
2008-10-22,7
2008-10-23,12
2008-10-24,19
2008-10-25,18
2008-10-26,29
2008-10-27,13
2008-10-28,17
2008-10-29,16
2008-10-30,8
2008-10-31,16
2008-11-01,19
2008-11-02,25
2008-11-03,30
2008-11-04,46
2008-11-05,32
2008-11-06,27
2008-11-07,30
2008-11-08,39
2008-11-09,37
2008-11-10,13
2008-11-11,14
2008-11-12,18
2008-11-13,15
2008-11-14,18
2008-11-15,34
2008-11-16,28
2008-11-17,5
2008-11-18,7
2008-11-19,9
2008-11-20,9
2008-11-21,10
2008-11-22,13
2008-11-23,18
2008-11-24,6
2008-11-25,7
2008-11-26,5
2008-11-27,10
2008-11-28,12
2008-11-29,12
2008-11-30,17
2008-12-01,12
2008-12-02,8
2008-12-03,5
2008-12-04,3
2008-12-05,9
2008-12-06,8
2008-12-07,6
2008-12-08,8
2008-12-09,7
2008-12-10,5
2008-12-11,5
2008-12-12,12
2008-12-13,28
2008-12-14,35
2008-12-15,24
2008-12-16,25
2008-12-17,30
2008-12-18,22
2008-12-19,21
2008-12-20,39
2008-12-21,26
2008-12-22,27
2008-12-23,25
2008-12-24,18
2008-12-25,31
2008-12-26,24
2008-12-27,22
2008-12-28,29
2008-12-29,16
2008-12-30,16
2008-12-31,11
2009-01-01,23
2009-01-02,19
2009-01-03,29
2009-01-04,23
2009-01-05,8
2009-01-06,9
2009-01-07,15
2009-01-08,13
2009-01-09,15
2009-01-10,31
2009-01-11,33
2009-01-12,17
2009-01-13,13
2009-01-14,17
2009-01-15,12
2009-01-16,16
2009-01-17,14
2009-01-18,39
2009-01-19,13
2009-01-20,19
2009-01-21,13
2009-01-22,18
2009-01-23,21
2009-01-24,17
2009-01-25,20
2009-01-26,29
2009-01-27,15
2009-01-28,21
2009-01-29,26
2009-01-30,17
2009-01-31,31
2009-02-01,33
2009-02-02,26
2009-02-03,16
2009-02-04,35
2009-02-05,19
2009-02-06,14
2009-02-07,28
2009-02-08,39
2009-02-09,15
2009-02-10,10
2009-02-11,14
2009-02-12,17
2009-02-13,18
2009-02-14,28
2009-02-15,35
2009-02-16,9
2009-02-17,24
2009-02-18,21
2009-02-19,10
2009-02-20,13
2009-02-21,30
2009-02-22,22
2009-02-23,11
2009-02-24,13
2009-02-25,6
2009-02-26,11
2009-02-27,15
2009-02-28,14
2009-03-01,20
2009-03-02,13
2009-03-03,13
2009-03-04,5
2009-03-05,12
2009-03-06,18
2009-03-07,13
2009-03-08,14
2009-03-09,22
2009-03-10,18
2009-03-11,20
2009-03-12,15
2009-03-13,19
2009-03-14,19
2009-03-15,40
2009-03-16,10
2009-03-17,11
2009-03-18,11
2009-03-19,7
2009-03-20,15
2009-03-21,32
2009-03-22,21
2009-03-23,4
2009-03-24,17
2009-03-25,21
2009-03-26,24
2009-03-27,15
2009-03-28,12
2009-03-29,17
2009-03-30,7
2009-03-31,19
2009-04-01,5
2009-04-02,4
2009-04-03,6
2009-04-04,19
2009-04-05,12
2009-04-06,6
2009-04-07,6
2009-04-08,12
2009-04-09,17
2009-04-10,19
2009-04-11,22
2009-04-12,22
2009-04-13,7
2009-04-14,11
2009-04-15,9
2009-04-16,10
2009-04-17,13
2009-04-18,13
2009-04-19,19
2009-04-20,5
2009-04-21,9
2009-04-22,10
2009-04-23,6
2009-04-24,21
2009-04-25,27
2009-04-26,19
2009-04-27,19
2009-04-28,21
2009-04-29,21
2009-04-30,16
2009-05-01,18
2009-05-02,21
2009-05-03,31
2009-05-04,15
2009-05-05,14
2009-05-06,21
2009-05-07,12
2009-05-08,20
2009-05-09,22
2009-05-10,23
2009-05-11,16
2009-05-12,9
2009-05-13,9
2009-05-14,7
2009-05-15,11
2009-05-16,17
2009-05-17,11
2009-05-18,8
2009-05-19,5
2009-05-20,3
2009-05-21,9
2009-05-22,3
2009-05-23,7
2009-05-24,7
2009-05-25,2
2009-05-26,7
2009-05-27,4
2009-05-28,10
2009-05-29,2
2009-05-30,5
2009-05-31,11
2009-06-01,2
2009-06-02,4
2009-06-03,2
2009-06-04,3
2009-06-05,2
2009-06-06,1
2009-06-07,3
2009-06-08,0
2009-06-09,4
2009-06-10,9
2009-06-11,30
2009-06-12,32
2009-06-13,36
2009-06-14,34
2009-06-15,31
2009-06-16,30
2009-06-17,22
2009-06-18,23
2009-06-19,24
2009-06-20,27
2009-06-21,27
2009-06-22,20
2009-06-23,26
2009-06-24,22
2009-06-25,20
2009-06-26,29
2009-06-27,22
2009-06-28,31
2009-06-29,15
2009-06-30,11
2009-07-01,9
2009-07-02,9
2009-07-03,17
2009-07-04,26
2009-07-05,29
2009-07-06,12
2009-07-07,20
2009-07-08,26
2009-07-09,14
2009-07-10,16
2009-07-11,13
2009-07-12,21
2009-07-13,7
2009-07-14,5
2009-07-15,10
2009-07-16,6
2009-07-17,15
2009-07-18,18
2009-07-19,18
2009-07-20,29
2009-07-21,9
2009-07-22,10
2009-07-23,19
2009-07-24,10
2009-07-25,14
2009-07-26,24
2009-07-27,8
2009-07-28,16
2009-07-29,12
2009-07-30,9
2009-07-31,10
2009-08-01,21
2009-08-02,17
2009-08-03,12
2009-08-04,14
2009-08-05,8
2009-08-06,9
2009-08-07,12
2009-08-08,12
2009-08-09,16
2009-08-10,6
2009-08-11,10
2009-08-12,9
2009-08-13,15
2009-08-14,11
2009-08-15,17
2009-08-16,17
2009-08-17,17
2009-08-18,12
2009-08-19,11
2009-08-20,17
2009-08-21,12
2009-08-22,11
2009-08-23,5
2009-08-24,5
2009-08-25,2
2009-08-26,13
2009-08-27,9
2009-08-28,5
2009-08-29,30
2009-08-30,54
2009-08-31,29
2009-09-01,59
2009-09-02,39
2009-09-03,36
2009-09-04,36
2009-09-05,74
2009-09-06,57
2009-09-07,12
2009-09-08,16
2009-09-09,19
2009-09-10,21
2009-09-11,15
2009-09-12,42
2009-09-13,26
2009-09-14,18
2009-09-15,26
2009-09-16,18
2009-09-17,25
2009-09-18,26
2009-09-19,18
2009-09-20,11
2009-09-21,13
2009-09-22,25
2009-09-23,28
2009-09-24,24
2009-09-25,18
2009-09-26,16
2009-09-27,23
2009-09-28,16
2009-09-29,14
2009-09-30,12
2009-10-01,13
2009-10-02,19
2009-10-03,22
2009-10-04,30
2009-10-05,17
2009-10-06,13
2009-10-07,11
2009-10-08,13
2009-10-09,23
2009-10-10,27
2009-10-11,25
2009-10-12,20
2009-10-13,17
2009-10-14,13
2009-10-15,12
2009-10-16,19
2009-10-17,23
2009-10-18,26
2009-10-19,15
2009-10-20,16
2009-10-21,21
2009-10-22,11
2009-10-23,26
2009-10-24,34
2009-10-25,20
2009-10-26,31
2009-10-27,30
2009-10-28,29
2009-10-29,30
2009-10-30,49
2009-10-31,55
2009-11-01,48
2009-11-02,17
2009-11-03,25
2009-11-04,16
2009-11-05,37
2009-11-06,22
2009-11-07,40
2009-11-08,35
2009-11-09,10
2009-11-10,9
2009-11-11,5
2009-11-12,12
2009-11-13,11
2009-11-14,31
2009-11-15,32
2009-11-16,11
2009-11-17,21
2009-11-18,16
2009-11-19,10
2009-11-20,12
2009-11-21,26
2009-11-22,28
2009-11-23,16
2009-11-24,17
2009-11-25,14
2009-11-26,12
2009-11-27,30
2009-11-28,20
2009-11-29,18
2009-11-30,11
2009-12-01,14
2009-12-02,17
2009-12-03,13
2009-12-04,17
2009-12-05,29
2009-12-06,23
2009-12-07,11
2009-12-08,22
2009-12-09,17
2009-12-10,21
2009-12-11,30
2009-12-12,27
2009-12-13,34
2009-12-14,17
2009-12-15,33
2009-12-16,21
2009-12-17,36
2009-12-18,48
2009-12-19,31
2009-12-20,24
2009-12-21,12
2009-12-22,15
2009-12-23,11
2009-12-24,22
2009-12-25,23
2009-12-26,34
2009-12-27,33
2009-12-28,19
2009-12-29,21
2009-12-30,22
2009-12-31,20
2010-01-01,29
2010-01-02,28
2010-01-03,31
2010-01-04,22
2010-01-05,25
2010-01-06,22
2010-01-07,20
2010-01-08,23
2010-01-09,22
2010-01-10,36
2010-01-11,13
2010-01-12,19
2010-01-13,20
2010-01-14,15
2010-01-15,28
2010-01-16,41
2010-01-17,34
2010-01-18,6
2010-01-19,13
2010-01-20,8
2010-01-21,12
2010-01-22,17
2010-01-23,22
2010-01-24,27
2010-01-25,8
2010-01-26,21
2010-01-27,17
2010-01-28,12
2010-01-29,18
2010-01-30,28
2010-01-31,36
2010-02-01,11
2010-02-02,10
2010-02-03,16
2010-02-04,17
2010-02-05,19
2010-02-06,26
2010-02-07,52
2010-02-08,24
2010-02-09,17
2010-02-10,16
2010-02-11,30
2010-02-12,18
2010-02-13,21
2010-02-14,24
2010-02-15,12
2010-02-16,21
2010-02-17,17
2010-02-18,11
2010-02-19,17
2010-02-20,33
2010-02-21,29
2010-02-22,18
2010-02-23,20
2010-02-24,15
2010-02-25,14
2010-02-26,23
2010-02-27,29
2010-02-28,45
2010-03-01,12
2010-03-02,16
2010-03-03,17
2010-03-04,19
2010-03-05,15
2010-03-06,31
2010-03-07,39
2010-03-08,12
2010-03-09,16
2010-03-10,18
2010-03-11,16
2010-03-12,11
2010-03-13,39
2010-03-14,39
2010-03-15,19
2010-03-16,35
2010-03-17,16
2010-03-18,7
2010-03-19,19
2010-03-20,35
2010-03-21,18
2010-03-22,16
2010-03-23,20
2010-03-24,20
2010-03-25,21
2010-03-26,23
2010-03-27,31
2010-03-28,37
2010-03-29,10
2010-03-30,16
2010-03-31,18
2010-04-01,29
2010-04-02,17
2010-04-03,27
2010-04-04,27
2010-04-05,13
2010-04-06,17
2010-04-07,14
2010-04-08,8
2010-04-09,20
2010-04-10,26
2010-04-11,41
2010-04-12,13
2010-04-13,24
2010-04-14,22
2010-04-15,19
2010-04-16,29
2010-04-17,30
2010-04-18,33
2010-04-19,11
2010-04-20,28
2010-04-21,27
2010-04-22,26
2010-04-23,36
2010-04-24,49
2010-04-25,44
2010-04-26,23
2010-04-27,27
2010-04-28,14
2010-04-29,13
2010-04-30,24
2010-05-01,31
2010-05-02,36
2010-05-03,11
2010-05-04,23
2010-05-05,23
2010-05-06,22
2010-05-07,26
2010-05-08,31
2010-05-09,23
2010-05-10,16
2010-05-11,18
2010-05-12,21
2010-05-13,16
2010-05-14,16
2010-05-15,16
2010-05-16,27
2010-05-17,21
2010-05-18,19
2010-05-19,23
2010-05-20,16
2010-05-21,27
2010-05-22,42
2010-05-23,25
2010-05-24,14
2010-05-25,11
2010-05-26,16
2010-05-27,15
2010-05-28,27
2010-05-29,32
2010-05-30,33
2010-05-31,16
2010-06-01,24
2010-06-02,24
2010-06-03,18
2010-06-04,29
2010-06-05,31
2010-06-06,40
2010-06-07,22
2010-06-08,16
2010-06-09,26
2010-06-10,22
2010-06-11,24
2010-06-12,28
2010-06-13,24
2010-06-14,17
2010-06-15,15
2010-06-16,18
2010-06-17,26
2010-06-18,20
2010-06-19,39
2010-06-20,41
2010-06-21,22
2010-06-22,29
2010-06-23,23
2010-06-24,18
2010-06-25,22
2010-06-26,34
2010-06-27,46
2010-06-28,14
2010-06-29,21
2010-06-30,33
2010-07-01,17
2010-07-02,22
2010-07-03,37
2010-07-04,39
2010-07-05,21
2010-07-06,31
2010-07-07,27
2010-07-08,28
2010-07-09,18
2010-07-10,32
2010-07-11,24
2010-07-12,11
2010-07-13,24
2010-07-14,19
2010-07-15,13
2010-07-16,20
2010-07-17,29
2010-07-18,28
2010-07-19,14
2010-07-20,26
2010-07-21,20
2010-07-22,25
2010-07-23,19
2010-07-24,37
2010-07-25,46
2010-07-26,9
2010-07-27,20
2010-07-28,24
2010-07-29,14
2010-07-30,20
2010-07-31,29
2010-08-01,38
2010-08-02,13
2010-08-03,29
2010-08-04,29
2010-08-05,34
2010-08-06,17
2010-08-07,37
2010-08-08,39
2010-08-09,15
2010-08-10,19
2010-08-11,24
2010-08-12,13
2010-08-13,18
2010-08-14,33
2010-08-15,37
2010-08-16,9
2010-08-17,145
2010-08-18,19
2010-08-19,23
2010-08-20,18
2010-08-21,27
2010-08-22,25
2010-08-23,11
2010-08-24,18
2010-08-25,14
2010-08-26,11
2010-08-27,18
2010-08-28,31
2010-08-29,32
2010-08-30,18
2010-08-31,10
2010-09-01,22
2010-09-02,10
2010-09-03,14
2010-09-04,23
2010-09-05,36
2010-09-06,8
2010-09-07,23
2010-09-08,27
2010-09-09,19
2010-09-10,13
2010-09-11,19
2010-09-12,31
2010-09-13,43
2010-09-14,34
2010-09-15,35
2010-09-16,29
2010-09-17,32
2010-09-18,34
2010-09-19,40
2010-09-20,22
2010-09-21,22
2010-09-22,33
2010-09-23,23
2010-09-24,37
2010-09-25,61
2010-09-26,54
2010-09-27,21
2010-09-28,31
2010-09-29,41
2010-09-30,13
2010-10-01,25
2010-10-02,35
2010-10-03,49
2010-10-04,22
2010-10-05,22
2010-10-06,12
2010-10-07,21
2010-10-08,16
2010-10-09,41
2010-10-10,45
2010-10-11,17
2010-10-12,23
2010-10-13,25
2010-10-14,24
2010-10-15,25
2010-10-16,30
2010-10-17,37
2010-10-18,19
2010-10-19,73
2010-10-20,65
2010-10-21,63
2010-10-22,99
2010-10-23,46
2010-10-24,55
2010-10-25,16
2010-10-26,28
2010-10-27,29
2010-10-28,24
2010-10-29,35
2010-10-30,52
2010-10-31,86
2010-11-01,24
2010-11-02,30
2010-11-03,40
2010-11-04,13
2010-11-05,13
2010-11-06,29
2010-11-07,19
2010-11-08,8
2010-11-09,8
2010-11-10,15
2010-11-11,5
2010-11-12,6
2010-11-13,15
2010-11-14,20
2010-11-15,10
2010-11-16,19
2010-11-17,25
2010-11-18,9
2010-11-19,16
2010-11-20,28
2010-11-21,18
2010-11-22,13
2010-11-23,17
2010-11-24,13
2010-11-25,22
2010-11-26,30
2010-11-27,100
2010-11-28,45
2010-11-29,18
2010-11-30,25
2010-12-01,16
2010-12-02,16
2010-12-03,20
2010-12-04,27
2010-12-05,43
2010-12-06,24
2010-12-07,39
2010-12-08,17
2010-12-09,21
2010-12-10,28
2010-12-11,33
2010-12-12,42
2010-12-13,16
2010-12-14,17
2010-12-15,26
2010-12-16,18
2010-12-17,35
2010-12-18,44
2010-12-19,37
2010-12-20,23
2010-12-21,19
2010-12-22,27
2010-12-23,44
2010-12-24,48
2010-12-25,38
2010-12-26,56
2010-12-27,55
2010-12-28,22
2010-12-29,19
2010-12-30,29
2010-12-31,23
2011-01-01,29
2011-01-02,28
2011-01-03,17
2011-01-04,19
2011-01-05,11
2011-01-06,26
2011-01-07,21
2011-01-08,40
2011-01-09,22
2011-01-10,16
2011-01-11,21
2011-01-12,19
2011-01-13,17
2011-01-14,17
2011-01-15,23
2011-01-16,24
2011-01-17,15
2011-01-18,11
2011-01-19,9
2011-01-20,12
2011-01-21,16
2011-01-22,33
2011-01-23,36
2011-01-24,13
2011-01-25,27
2011-01-26,30
2011-01-27,26
2011-01-28,18
2011-01-29,36
2011-01-30,44
2011-01-31,21
2011-02-01,13
2011-02-02,18
2011-02-03,29
2011-02-04,22
2011-02-05,26
2011-02-06,40
2011-02-07,15
2011-02-08,16
2011-02-09,22
2011-02-10,11
2011-02-11,26
2011-02-12,36
2011-02-13,37
2011-02-14,14
2011-02-15,41
2011-02-16,19
2011-02-17,16
2011-02-18,23
2011-02-19,28
2011-02-20,28
2011-02-21,13
2011-02-22,20
2011-02-23,33
2011-02-24,25
2011-02-25,43
2011-02-26,41
2011-02-27,52
2011-02-28,15
2011-03-01,21
2011-03-02,25
2011-03-03,23
2011-03-04,23
2011-03-05,32
2011-03-06,38
2011-03-07,18
2011-03-08,26
2011-03-09,18
2011-03-10,22
2011-03-11,18
2011-03-12,37
2011-03-13,51
2011-03-14,16
2011-03-15,24
2011-03-16,18
2011-03-17,17
2011-03-18,28
2011-03-19,39
2011-03-20,53
2011-03-21,24
2011-03-22,27
2011-03-23,34
2011-03-24,21
2011-03-25,30
2011-03-26,47
2011-03-27,33
2011-03-28,15
2011-03-29,30
2011-03-30,16
2011-03-31,37
2011-04-01,30
2011-04-02,76
2011-04-03,67
2011-04-04,28
2011-04-05,43
2011-04-06,51
2011-04-07,19
2011-04-08,34
2011-04-09,43
2011-04-10,54
2011-04-11,24
2011-04-12,29
2011-04-13,39
2011-04-14,22
2011-04-15,20
2011-04-16,55
2011-04-17,58
2011-04-18,13
2011-04-19,34
2011-04-20,57
2011-04-21,28
2011-04-22,66
2011-04-23,64
2011-04-24,73
2011-04-25,71
2011-04-26,24
2011-04-27,27
2011-04-28,20
2011-04-29,25
2011-04-30,41
2011-05-01,38
2011-05-02,19
2011-05-03,25
2011-05-04,23
2011-05-05,16
2011-05-06,14
2011-05-07,17
2011-05-08,22
2011-05-09,5
2011-05-10,13
2011-05-11,9
2011-05-12,13
2011-05-13,8
2011-05-14,22
2011-05-15,21
2011-05-16,22
2011-05-17,34
2011-05-18,8
2011-05-19,16
2011-05-20,16
2011-05-21,29
2011-05-22,26
2011-05-23,22
2011-05-24,22
2011-05-25,15
2011-05-26,18
2011-05-27,23
2011-05-28,40
2011-05-29,30
2011-05-30,14
2011-05-31,28
2011-06-01,18
2011-06-02,38
2011-06-03,32
2011-06-04,52
2011-06-05,63
2011-06-06,22
2011-06-07,17
2011-06-08,24
2011-06-09,21
2011-06-10,34
2011-06-11,34
2011-06-12,37
2011-06-13,20
2011-06-14,32
2011-06-15,25
2011-06-16,25
2011-06-17,14
2011-06-18,47
2011-06-19,47
2011-06-20,25
2011-06-21,27
2011-06-22,41
2011-06-23,45
2011-06-24,29
2011-06-25,68
2011-06-26,47
2011-06-27,15
2011-06-28,31
2011-06-29,43
2011-06-30,17
2011-07-01,26
2011-07-02,29
2011-07-03,48
2011-07-04,8
2011-07-05,15
2011-07-06,4
2011-07-07,4
2011-07-08,3
2011-07-09,12
2011-07-10,10
2011-07-11,5
2011-07-12,9
2011-07-13,2
2011-07-14,5
2011-07-15,10
2011-07-16,10
2011-07-17,7
2011-07-18,1
2011-07-19,1
2011-07-20,8
2011-07-21,9
2011-07-22,16
2011-07-23,39
2011-07-24,39
2011-07-25,27
2011-07-26,32
2011-07-27,31
2011-07-28,30
2011-07-29,29
2011-07-30,42
2011-07-31,71
2011-08-01,20
2011-08-02,35
2011-08-03,24
2011-08-04,26
2011-08-05,25
2011-08-06,42
2011-08-07,57
2011-08-08,22
2011-08-09,47
2011-08-10,12
2011-08-11,30
2011-08-12,25
2011-08-13,48
2011-08-14,42
2011-08-15,19
2011-08-16,64
2011-08-17,133
2011-08-18,11
2011-08-19,14
2011-08-20,17
2011-08-21,12
2011-08-22,8
2011-08-23,15
2011-08-24,11
2011-08-25,11
2011-08-26,15
2011-08-27,33
2011-08-28,39
2011-08-29,8
2011-08-30,8
2011-08-31,6
2011-09-01,12
2011-09-02,14
2011-09-03,18
2011-09-04,14
2011-09-05,11
2011-09-06,11
2011-09-07,14
2011-09-08,29
2011-09-09,15
2011-09-10,50
2011-09-11,43
2011-09-12,21
2011-09-13,37
2011-09-14,19
2011-09-15,20
2011-09-16,23
2011-09-17,48
2011-09-18,53
2011-09-19,26
2011-09-20,51
2011-09-21,41
2011-09-22,41
2011-09-23,25
2011-09-24,45
2011-09-25,53
2011-09-26,16
2011-09-27,41
2011-09-28,28
2011-09-29,39
2011-09-30,33
2011-10-01,56
2011-10-02,48
2011-10-03,14
2011-10-04,30
2011-10-05,18
2011-10-06,22
2011-10-07,29
2011-10-08,40
2011-10-09,49
2011-10-10,28
2011-10-11,25
2011-10-12,25
2011-10-13,19
2011-10-14,26
2011-10-15,48
2011-10-16,37
2011-10-17,19
2011-10-18,27
2011-10-19,28
2011-10-20,26
2011-10-21,20
2011-10-22,50
2011-10-23,39
2011-10-24,34
2011-10-25,57
2011-10-26,36
2011-10-27,46
2011-10-28,38
2011-10-29,72
2011-10-30,74
2011-10-31,25
2011-11-01,46
2011-11-02,24
2011-11-03,45
2011-11-04,38
2011-11-05,51
2011-11-06,68
2011-11-07,21
2011-11-08,32
2011-11-09,23
2011-11-10,13
2011-11-11,22
2011-11-12,30
2011-11-13,36
2011-11-14,15
2011-11-15,20
2011-11-16,16
2011-11-17,11
2011-11-18,14
2011-11-19,16
2011-11-20,30
2011-11-21,19
2011-11-22,32
2011-11-23,12
2011-11-24,11
2011-11-25,11
2011-11-26,31
2011-11-27,35
2011-11-28,12
2011-11-29,22
2011-11-30,19
2011-12-01,12
2011-12-02,15
2011-12-03,27
2011-12-04,25
2011-12-05,18
2011-12-06,21
2011-12-07,9
2011-12-08,14
2011-12-09,15
2011-12-10,28
2011-12-11,22
2011-12-12,17
2011-12-13,27
2011-12-14,15
2011-12-15,17
2011-12-16,12
2011-12-17,29
2011-12-18,25
2011-12-19,9
2011-12-20,9
2011-12-21,8
2011-12-22,5
2011-12-23,10
2011-12-24,16
2011-12-25,23
2011-12-26,17
2011-12-27,26
2011-12-28,19
2011-12-29,12
2011-12-30,8
2011-12-31,13
2012-01-01,8
2012-01-02,6
2012-01-03,5
2012-01-04,8
2012-01-05,6
2012-01-06,14
2012-01-07,10
2012-01-08,6
2012-01-09,8
2012-01-10,4
2012-01-11,4
2012-01-12,6
2012-01-13,6
2012-01-14,8
2012-01-15,5
2012-01-16,3
2012-01-17,7
2012-01-18,5
2012-01-19,2
2012-01-20,5
2012-01-21,6
2012-01-22,3
2012-01-23,4
2012-01-24,5
2012-01-25,7
2012-01-26,1
2012-01-27,2
2012-01-28,1
2012-01-29,5
2012-01-30,1
2012-01-31,3
2012-02-01,2
2012-02-02,2
2012-02-03,4
2012-02-04,2
2012-02-05,2
2012-02-06,1
2012-02-07,0
2012-02-08,5
2012-02-09,0
2012-02-10,21
2012-02-11,79
2012-02-12,62
2012-02-13,28
2012-02-14,50
2012-02-15,48
2012-02-16,43
2012-02-17,34
2012-02-18,71
2012-02-19,47
2012-02-20,28
2012-02-21,34
2012-02-22,20
2012-02-23,17
2012-02-24,21
2012-02-25,56
2012-02-26,61
2012-02-27,23
2012-02-28,49
2012-02-29,30
2012-03-01,26
2012-03-02,26
2012-03-03,53
2012-03-04,41
2012-03-05,21
2012-03-06,38
2012-03-07,21
2012-03-08,22
2012-03-09,30
2012-03-10,46
2012-03-11,43
2012-03-12,23
2012-03-13,31
2012-03-14,22
2012-03-15,21
2012-03-16,21
2012-03-17,41
2012-03-18,51
2012-03-19,18
2012-03-20,29
2012-03-21,20
2012-03-22,22
2012-03-23,39
2012-03-24,47
2012-03-25,41
2012-03-26,13
2012-03-27,30
2012-03-28,25
2012-03-29,26
2012-03-30,34
2012-03-31,44
2012-04-01,45
2012-04-02,23
2012-04-03,27
2012-04-04,24
2012-04-05,34
2012-04-06,38
2012-04-07,30
2012-04-08,27
2012-04-09,25
2012-04-10,33
2012-04-11,15
2012-04-12,19
2012-04-13,21
2012-04-14,41
2012-04-15,43
2012-04-16,24
2012-04-17,37
2012-04-18,21
2012-04-19,26
2012-04-20,44
2012-04-21,54
2012-04-22,41
2012-04-23,15
2012-04-24,27
2012-04-25,29
2012-04-26,23
2012-04-27,23
2012-04-28,45
2012-04-29,63
2012-04-30,25
2012-05-01,35
2012-05-02,39
2012-05-03,24
2012-05-04,21
2012-05-05,27
2012-05-06,31
2012-05-07,17
2012-05-08,17
2012-05-09,18
2012-05-10,19
2012-05-11,23
2012-05-12,38
2012-05-13,25
2012-05-14,16
2012-05-15,15
2012-05-16,12
2012-05-17,23
2012-05-18,19
2012-05-19,28
2012-05-20,34
2012-05-21,16
2012-05-22,24
2012-05-23,14
2012-05-24,21
2012-05-25,26
2012-05-26,42
2012-05-27,38
2012-05-28,11
2012-05-29,20
2012-05-30,20
2012-05-31,15
2012-06-01,19
2012-06-02,50
2012-06-03,34
2012-06-04,22
2012-06-05,32
2012-06-06,29
2012-06-07,25
2012-06-08,23
2012-06-09,41
2012-06-10,57
2012-06-11,23
2012-06-12,28
2012-06-13,26
2012-06-14,16
2012-06-15,40
2012-06-16,40
2012-06-17,34
2012-06-18,16
2012-06-19,28
2012-06-20,19
2012-06-21,24
2012-06-22,33
2012-06-23,52
2012-06-24,53
2012-06-25,21
2012-06-26,26
2012-06-27,42
2012-06-28,40
2012-06-29,54
2012-06-30,58
2012-07-01,55
2012-07-02,28
2012-07-03,28
2012-07-04,27
2012-07-05,50
2012-07-06,41
2012-07-07,55
2012-07-08,58
2012-07-09,27
2012-07-10,36
2012-07-11,40
2012-07-12,33
2012-07-13,31
2012-07-14,50
2012-07-15,48
2012-07-16,24
2012-07-17,34
2012-07-18,25
2012-07-19,35
2012-07-20,42
2012-07-21,29
2012-07-22,37
2012-07-23,20
2012-07-24,23
2012-07-25,17
2012-07-26,23
2012-07-27,49
2012-07-28,125
2012-07-29,70
2012-07-30,26
2012-07-31,21
2012-08-01,37
2012-08-02,31
2012-08-03,42
2012-08-04,62
2012-08-05,48
2012-08-06,21
2012-08-07,29
2012-08-08,32
2012-08-09,30
2012-08-10,37
2012-08-11,54
2012-08-12,57
2012-08-13,31
2012-08-14,39
2012-08-15,44
2012-08-16,40
2012-08-17,61
2012-08-18,46
2012-08-19,17
2012-08-20,35
2012-08-21,41
2012-08-22,31
2012-08-23,42
2012-08-24,44
2012-08-25,42
2012-08-26,48
2012-08-27,29
2012-08-28,31
2012-08-29,38
2012-08-30,26
2012-08-31,45
2012-09-01,64
2012-09-02,66
2012-09-03,22
2012-09-04,29
2012-09-05,27
2012-09-06,42
2012-09-07,50
2012-09-08,63
2012-09-09,62
2012-09-10,32
2012-09-11,32
2012-09-12,36
2012-09-13,35
2012-09-14,44
2012-09-15,56
2012-09-16,65
2012-09-17,16
2012-09-18,34
2012-09-19,35
2012-09-20,51
2012-09-21,33
2012-09-22,56
2012-09-23,64
2012-09-24,28
2012-09-25,45
2012-09-26,33
2012-09-27,44
2012-09-28,36
2012-09-29,70
2012-09-30,86
2012-10-01,34
2012-10-02,37
2012-10-03,47
2012-10-04,22
2012-10-05,29
2012-10-06,33
2012-10-07,52
2012-10-08,21
2012-10-09,18
2012-10-10,20
2012-10-11,23
2012-10-12,28
2012-10-13,48
2012-10-14,57
2012-10-15,22
2012-10-16,27
2012-10-17,41
2012-10-18,30
2012-10-19,35
2012-10-20,41
2012-10-21,47
2012-10-22,10
2012-10-23,22
2012-10-24,28
2012-10-25,31
2012-10-26,42
2012-10-27,37
2012-10-28,54
2012-10-29,25
2012-10-30,31
2012-10-31,31
2012-11-01,23
2012-11-02,37
2012-11-03,39
2012-11-04,53
2012-11-05,26
2012-11-06,34
2012-11-07,21
2012-11-08,34
2012-11-09,31
2012-11-10,48
2012-11-11,59
2012-11-12,33
2012-11-13,26
2012-11-14,22
2012-11-15,47
2012-11-16,45
2012-11-17,41
2012-11-18,41
2012-11-19,20
2012-11-20,41
2012-11-21,21
2012-11-22,34
2012-11-23,28
2012-11-24,59
2012-11-25,69
2012-11-26,40
2012-11-27,26
2012-11-28,40
2012-11-29,35
2012-11-30,29
2012-12-01,47
2012-12-02,57
2012-12-03,34
2012-12-04,28
2012-12-05,27
2012-12-06,20
2012-12-07,37
2012-12-08,68
2012-12-09,58
2012-12-10,35
2012-12-11,33
2012-12-12,44
2012-12-13,38
2012-12-14,33
2012-12-15,46
2012-12-16,64
2012-12-17,33
2012-12-18,30
2012-12-19,25
2012-12-20,30
2012-12-21,41
2012-12-22,75
2012-12-23,85
2012-12-24,70
2012-12-25,51
2012-12-26,27
2012-12-27,37
2012-12-28,45
2012-12-29,58
2012-12-30,56
2012-12-31,38
2013-01-01,60
2013-01-02,37
2013-01-03,36
2013-01-04,43
2013-01-05,55
2013-01-06,61
2013-01-07,28
2013-01-08,35
2013-01-09,29
2013-01-10,31
2013-01-11,40
2013-01-12,72
2013-01-13,81
2013-01-14,33
2013-01-15,33
2013-01-16,33
2013-01-17,22
2013-01-18,41
2013-01-19,51
2013-01-20,51
2013-01-21,26
2013-01-22,40
2013-01-23,32
2013-01-24,48
2013-01-25,34
2013-01-26,66
2013-01-27,70
2013-01-28,27
2013-01-29,38
2013-01-30,54
2013-01-31,41
2013-02-01,35
2013-02-02,42
2013-02-03,50
2013-02-04,27
2013-02-05,24
2013-02-06,29
2013-02-07,36
2013-02-08,42
2013-02-09,50
2013-02-10,67
2013-02-11,36
2013-02-12,43
2013-02-13,31
2013-02-14,37
2013-02-15,42
2013-02-16,47
2013-02-17,62
2013-02-18,36
2013-02-19,43
2013-02-20,26
2013-02-21,37
2013-02-22,30
2013-02-23,50
2013-02-24,68
2013-02-25,34
2013-02-26,33
2013-02-27,39
2013-02-28,41
2013-03-01,39
2013-03-02,47
2013-03-03,82
2013-03-04,24
2013-03-05,32
2013-03-06,38
2013-03-07,33
2013-03-08,35
2013-03-09,67
2013-03-10,55
2013-03-11,22
2013-03-12,52
2013-03-13,24
2013-03-14,25
2013-03-15,26
2013-03-16,42
2013-03-17,48
2013-03-18,17
2013-03-19,26
2013-03-20,23
2013-03-21,37
2013-03-22,42
2013-03-23,55
2013-03-24,66
2013-03-25,35
2013-03-26,49
2013-03-27,27
2013-03-28,38
2013-03-29,58
2013-03-30,56
2013-03-31,66
2013-04-01,29
2013-04-02,43
2013-04-03,29
2013-04-04,25
2013-04-05,37
2013-04-06,46
2013-04-07,56
2013-04-08,26
2013-04-09,37
2013-04-10,17
2013-04-11,32
2013-04-12,41
2013-04-13,53
2013-04-14,61
2013-04-15,36
2013-04-16,26
2013-04-17,27
2013-04-18,26
2013-04-19,37
2013-04-20,49
2013-04-21,61
2013-04-22,22
2013-04-23,74
2013-04-24,73
2013-04-25,72
2013-04-26,107
2013-04-27,67
2013-04-28,68
2013-04-29,32
2013-04-30,43
2013-05-01,29
2013-05-02,32
2013-05-03,49
2013-05-04,66
2013-05-05,83
2013-05-06,31
2013-05-07,35
2013-05-08,38
2013-05-09,68
2013-05-10,44
2013-05-11,48
2013-05-12,51
2013-05-13,21
2013-05-14,39
2013-05-15,42
2013-05-16,34
2013-05-17,33
2013-05-18,50
2013-05-19,74
2013-05-20,26
2013-05-21,33
2013-05-22,25
2013-05-23,28
2013-05-24,38
2013-05-25,47
2013-05-26,68
2013-05-27,22
2013-05-28,39
2013-05-29,40
2013-05-30,33
2013-05-31,52
2013-06-01,45
2013-06-02,67
2013-06-03,34
2013-06-04,36
2013-06-05,23
2013-06-06,52
2013-06-07,39
2013-06-08,43
2013-06-09,46
2013-06-10,28
2013-06-11,31
2013-06-12,27
2013-06-13,36
2013-06-14,52
2013-06-15,51
2013-06-16,65
2013-06-17,25
2013-06-18,41
2013-06-19,46
2013-06-20,44
2013-06-21,39
2013-06-22,65
2013-06-23,49
2013-06-24,29
2013-06-25,38
2013-06-26,32
2013-06-27,41
2013-06-28,46
2013-06-29,47
2013-06-30,65
2013-07-01,28
2013-07-02,39
2013-07-03,26
2013-07-04,35
2013-07-05,31
2013-07-06,59
2013-07-07,61
2013-07-08,30
2013-07-09,39
2013-07-10,17
2013-07-11,38
2013-07-12,46
2013-07-13,57
2013-07-14,55
2013-07-15,16
2013-07-16,16
2013-07-17,35
2013-07-18,41
2013-07-19,29
2013-07-20,58
2013-07-21,60
2013-07-22,20
2013-07-23,33
2013-07-24,20
2013-07-25,43
2013-07-26,35
2013-07-27,96
2013-07-28,131
2013-07-29,28
2013-07-30,39
2013-07-31,45
2013-08-01,51
2013-08-02,36
2013-08-03,59
2013-08-04,64
2013-08-05,45
2013-08-06,46
2013-08-07,50
2013-08-08,28
2013-08-09,41
2013-08-10,36
2013-08-11,42
2013-08-12,40
2013-08-13,45
2013-08-14,30
2013-08-15,40
2013-08-16,27
2013-08-17,60
2013-08-18,58
2013-08-19,20
2013-08-20,26
2013-08-21,38
2013-08-22,36
2013-08-23,51
2013-08-24,60
2013-08-25,64
2013-08-26,29
2013-08-27,37
2013-08-28,36
2013-08-29,44
2013-08-30,50
2013-08-31,82
2013-09-01,64
2013-09-02,44
2013-09-03,49
2013-09-04,61
2013-09-05,41
2013-09-06,45
2013-09-07,43
2013-09-08,74
2013-09-09,28
2013-09-10,39
2013-09-11,28
2013-09-12,31
2013-09-13,36
2013-09-14,58
2013-09-15,66
2013-09-16,36
2013-09-17,30
2013-09-18,37
2013-09-19,45
2013-09-20,43
2013-09-21,54
2013-09-22,60
2013-09-23,29
2013-09-24,70
2013-09-25,75
2013-09-26,116
2013-09-27,112
2013-09-28,85
2013-09-29,76
2013-09-30,47
2013-10-01,40
2013-10-02,49
2013-10-03,44
2013-10-04,48
2013-10-05,76
2013-10-06,93
2013-10-07,46
2013-10-08,40
2013-10-09,41
2013-10-10,29
2013-10-11,39
2013-10-12,50
2013-10-13,59
2013-10-14,63
2013-10-15,51
2013-10-16,27
2013-10-17,30
2013-10-18,39
2013-10-19,71
2013-10-20,54
2013-10-21,34
2013-10-22,30
2013-10-23,29
2013-10-24,23
2013-10-25,56
2013-10-26,68
2013-10-27,76
2013-10-28,35
2013-10-29,41
2013-10-30,48
2013-10-31,35
2013-11-01,34
2013-11-02,70
2013-11-03,74
2013-11-04,31
2013-11-05,74
2013-11-06,49
2013-11-07,44
2013-11-08,42
2013-11-09,61
2013-11-10,70
2013-11-11,27
2013-11-12,30
2013-11-13,43
2013-11-14,35
2013-11-15,56
2013-11-16,65
2013-11-17,73
2013-11-18,42
2013-11-19,56
2013-11-20,28
2013-11-21,46
2013-11-22,53
2013-11-23,78
2013-11-24,101
2013-11-25,33
2013-11-26,34
2013-11-27,47
2013-11-28,53
2013-11-29,40
2013-11-30,82
2013-12-01,66
2013-12-02,23
2013-12-03,33
2013-12-04,28
2013-12-05,25
2013-12-06,25
2013-12-07,48
2013-12-08,31
2013-12-09,14
2013-12-10,21
2013-12-11,13
2013-12-12,11
2013-12-13,25
2013-12-14,26
2013-12-15,32
2013-12-16,12
2013-12-17,20
2013-12-18,18
2013-12-19,8
2013-12-20,20
2013-12-21,18
2013-12-22,24
2013-12-23,9
2013-12-24,13
2013-12-25,16
2013-12-26,21
2013-12-27,15
2013-12-28,41
2013-12-29,38
2013-12-30,67
2013-12-31,49
